{"draw_idx": 200, "draws": null, "_stats": [{"accept": [0.05826605285577644, 6.120765293178894e-11, 1031.2084523463911, 4.1500904380865424e-10, 9.310159361719647e-05, 9.711723764358759e-05, 3.431779683567322e-11, 2.2062873614542603e-17, 9.619407037333005e-10, 1.5863383203521822e-07, 4.897314846118034e-15, 9.20956945648651e-12, 11282.857542430324, 0.00033390164906455194, 8.947944893871363e-20, 1.027973191823127, 8.2961675e-317, 6.0081733471286665, 8.140162757060993e-07, 1.7728189184578813e-36, 3.943263887124099e-33, 0.0926784398767668, 4.843281798775736e-10, 7.007820420085073e-07, 2.152301208468697e-08, 1.093274277993244e-10, 1.122414542318762e-08, 8.67659747242631e-05, 4.198086387618446e-44, 0.36444454582512925, 1.90981759197565e-06, 1.2620016012551839e-08, 3.4437455053267334e-14, 6.570434946183994e-19, 0.004201317526918164, 33.465350820547535, 1.8973282570183132e-23, 1.0634828768857945, 6.292684413415226e-13, 7.775250066989388e-16, 5.411930262807019e-10, 6.966489909052576e-17, 1.7530170872295904e-18, 0.5183782581089869, 2.4829587819129244e-05, 0.031471088573690395, 1.265342479175868e-08, 4.192587332943869e-06, 2.0841185177094306e-12, 9.990998139376207e-13, 5.2306358401005554e-08, 0.16429834773073368, 4.574327951264946e-45, 0.006707186215398721, 2.739150825962931e-13, 2.682770715575722e-05, 0.06300276816645829, 4.733019087284037e-15, 0.09882500828611264, 5.213438944828799e-11, 1.5169624362974853e-58, 0.026505466088672883, 4.15905141689478e-43, 128.930288393368, 1.1851417865235256, 6.803038504154643e-10, 2.964254458020155e-05, 2.0622662870815496e-11, 0.48648508343772773, 0.0005613815894743916, 2.329235912166739e-08, 1.177351471888791e-05, 1.4364811240645238e-20, 7.307950074316868e-155, 1.531010641316806e-23, 7.225918284106651e-06, 0.0030696358579528236, 0.02081781899773538, 1.9034879903753809e-53, 0.3437060328579519, 0.8238393055285249, 0.04314800263489477, 0.6955235083838365, 1.4349271363473262, 0.003145171772351176, 0.16899651577998703, 6.049770886583274e-57, 1.2110215907051243, 9.60775389679367e-19, 0.7541247797593693, 0.0017029548327281581, 5.110346467498384e-17, 6.7286820398647364e-21, 0.06986200271158646, 0.6249144014593575, 6.312362896544053e-17, 2.388109699192104e-14, 0.7985571174339112, 0.049635555713445995, 3.469140013245002e-06, 7.931622730707758e-10, 3.7641983973085727e-06, 2.3339820302558035e-05, 2.724515088572397e-19, 1.2005656275121949e-33, 1.4121149385224026, 2.0852487817364755, 5.485552143730824e-15, 1.5013324835300168e-38, 7.34507468575365e-18, 2.989242006363954e-58, 2.679503931097609e-11, 0.9557626629480603, 0.06053893861368688, 0.0014631212247557602, 0.008077844261940229, 0.006858236808708446, 0.02063150614059433, 3.764557967982141e-06, 3.381008367619489e-23, 1.1659653606079178e-05, 0.006309613320380009, 0.7547438168618171, 1.0186634620619552, 0.47281584650200104, 0.7489475702043794, 1.1088690725858592e-07, 2.8756379370948606, 1.1228433524005408e-14, 0.5322493872355274, 3.865748583578301e-06, 0.03686822220106226, 0.025133470140635456, 1.8569998848131523e-07, 8.52087444621219e-131, 7.662969082335113e-28, 5.296227457195276e-147, 0.9450994638710812, 0.33176050870832, 1.745997180966621e-15, 0.0034634216868808564, 0.00013814306461323853, 0.8399716747599725, 6.750616105943224e-24, 3.9672242411562e-09, 0.6363314494689168, 0.00362021134790633, 0.5749270392435594, 0.6358626549462678, 4.413225119999093e-39, 1.3911889960446804e-07, 1.1852469679917885, 0.003508597415946548, 0.04027496340683703, 1.3503586652269937e-73, 0.0012267560097021307, 1.1817856832288658e-174, 4.8476375246375396e-05, 0.40305948967433985, 1.239949558105958, 4.8030426197738105, 3.2756752095509687e-06, 1.948405179134875e-34, 0.004171386592409979, 0.54569445105422, 2.044205143481365, 0.690539349698341, 0.009319846212093636, 1.0358680523042776, 0.64112306928139, 0.0036883761208468344, 1.3118794459672036e-42, 2.1464073380894062e-200, 0.42446929876981465, 4.788186227557687e-282, 0.08637201589555395, 4.181436426428992e-21, 0.1713323632501521, 1.544167320063367e-07, 5.450510644052691e-19, 1.5171354912125586e-15, 0.3367002511157359, 5.388348930758797e-05, 32.234890559943636, 0.22262385167377585, 1.6296213138443595e-18, 7.338351796290727e-20, 6.807912340056035e-51, 0.03337347148820054, 1.1264671006227107, 1.224491824095544e-32, 8.78563684887611e-08, 2.1140625145239206e-07, 9.025163059232174e-34, 0.8185775132527622, 0.3944647064194675, 5.1327283960271094e-05, 7.015419808504102e-13, 1.02521257830958, 1.600422827778033], "tune": [true, false, false, false, false, false, false, false, false, false, false, false, false, false, false, false, false, false, false, false, false, false, false, false, false, false, false, false, false, false, false, false, false, false, false, false, false, false, false, false, false, false, false, false, false, false, false, false, false, false, false, false, false, false, false, false, false, false, false, false, false, false, false, false, false, false, false, false, false, false, false, false, false, false, false, false, false, false, false, false, false, false, false, false, false, false, false, false, false, false, false, false, false, false, false, false, false, false, false, false, false, false, false, false, false, false, false, false, false, false, false, false, false, false, false, false, false, false, false, false, false, false, false, false, false, false, false, false, false, false, false, false, false, false, false, false, false, false, false, false, false, false, false, false, false, false, false, false, false, false, false, false, false, false, false, false, false, false, false, false, false, false, false, false, false, false, false, false, false, false, false, false, false, false, false, false, false, false, false, false, false, false, false, false, false, false, false, false, false, false, false, false, false, false, false, false, false, false, false, false]}, {"accept": [1.1215e-320, 660072868.4502375, 1.7315755160643343e-293, 0.0, 0.0, 5.676173689105896e-11, 0.0, 0.0, 1.196217929979759e-124, 0.0, 3.328283865578289e-16, 7.650365188542104e-87, 0.0, 0.0, 0.0, 0.0, 0.0, 0.0, 0.0, 0.0, 0.0, 0.0, 9.534552320492949e-10, 0.0, 3.9436846614928273e-252, 0.09406855504079659, 0.0, 0.0, 5.742104243392351e-60, 1617.338850914409, 0.0, 2.364189700470441e-93, 0.0, 0.0, 0.0, 0.0, 0.0, 5.546921463699283e-47, 0.0, 0.0, 9.34724855583991e-308, 0.0, 0.0, 1.2542316640733629e-87, 0.0, 0.0, 0.0, 4.723915116747199e-91, 0.0, 0.0, 0.0, 1.0521630714489092, 0.0, 0.0, 0.0, 5.70652010296032e-32, 0.0, 0.0, 0.0, 6.237876438929965e-98, 0.0, 0.0, 0.0, 0.0, 0.0, 3.404385947120376e-06, 0.0, 0.0, 0.0, 4.254725526106986e-169, 0.0, 0.0, 0.0, 0.0, 0.0, 0.0, 0.0, 0.0, 2.9120170729972427e-64, 3.6609547004750238e-186, 0.0, 0.0, 0.9569104928000521, 0.0, 0.0, 0.0, 0.0, 0.0, 0.0, 0.0, 0.0, 1.2843723134805562e-134, 0.0, 0.0, 4.680543996415968e-134, 0.0, 0.0, 0.0, 2.6510649134627377e-65, 0.0, 0.0, 0.0, 0.0, 0.0, 1.7245185312611485e-194, 0.0, 0.0, 0.0, 0.0, 0.0, 0.0, 0.0, 0.0, 1.1170625099911632e-148, 0.0, 0.0, 0.0, 0.0, 0.0, 0.0, 0.0, 0.0, 0.0, 2.2389093390841056e-25, 0.0, 0.0, 0.0, 5.42210173120573e-16, 0.0, 0.0, 0.0, 6.751764157002646e-110, 0.0, 0.0, 0.0, 0.0, 0.0, 0.0, 0.0, 0.0, 0.0, 3.1850848221266018e-71, 0.0, 0.0, 371.1240843691763, 0.0, 1.367972437204942e-168, 0.0, 0.0, 0.0, 0.0, 0.0, 0.0, 0.0, 2.19929939586679e-103, 2.666839660298604e-51, 0.0, 1.8305722780006094e-194, 0.0, 0.0, 0.0, 0.0, 0.0, 2.1630088001266978e-97, 0.0, 1.950100595695838e-245, 0.0, 0.0, 0.0, 0.0, 0.0, 6.021068183004893e-256, 0.0, 2.9942896338929654e-225, 0.0, 0.0, 0.0, 0.0, 0.0, 8.270687506261009e-91, 0.0, 0.0, 0.0, 0.0, 0.0, 0.0, 0.0, 0.0, 0.0, 0.0, 0.0, 0.0, 6.888684853091385e-203, 0.0, 0.0, 0.0, 0.0, 0.0, 0.0, 0.0],